"STATION","NAME","DATE","PRCP","TAVG","TMAX","TMIN"
"USW00093227","NAPA CO AIRPORT, CA US","2021-01-01","0.00",,"59","33"
"USW00093227","NAPA CO AIRPORT, CA US","2021-01-02","0.23",,"53","49"
"USW00093227","NAPA CO AIRPORT, CA US","2021-01-03","0.01",,"54","47"
"USW00093227","NAPA CO AIRPORT, CA US","2021-01-04","0.18",,"61","39"
"USW00093227","NAPA CO AIRPORT, CA US","2021-01-05","0.00",,"57","34"
"USW00093227","NAPA CO AIRPORT, CA US","2021-01-06","0.06",,"57","36"
"USW00093227","NAPA CO AIRPORT, CA US","2021-01-07","0.00",,"61","42"
"USW00093227","NAPA CO AIRPORT, CA US","2021-01-08","0.05",,"62","36"
"USW00093227","NAPA CO AIRPORT, CA US","2021-01-09","0.00",,"60","36"
"USW00093227","NAPA CO AIRPORT, CA US","2021-01-10","0.00",,"57","35"
"USW00093227","NAPA CO AIRPORT, CA US","2021-01-11","0.00",,"62","33"
"USW00093227","NAPA CO AIRPORT, CA US","2021-01-12","0.00",,"60","42"
"USW00093227","NAPA CO AIRPORT, CA US","2021-01-13","0.00",,"64","44"
"USW00093227","NAPA CO AIRPORT, CA US","2021-01-14","0.00",,"67","41"
"USW00093227","NAPA CO AIRPORT, CA US","2021-01-15","0.00",,"67","39"
"USW00093227","NAPA CO AIRPORT, CA US","2021-01-16","0.00",,"74","39"
"USW00093227","NAPA CO AIRPORT, CA US","2021-01-17","0.00",,"73","37"
"USW00093227","NAPA CO AIRPORT, CA US","2021-01-18","0.00",,"80","44"
"USW00093227","NAPA CO AIRPORT, CA US","2021-01-19","0.00",,"69","53"
"USW00093227","NAPA CO AIRPORT, CA US","2021-01-20","0.00",,"67","34"
"USW00093227","NAPA CO AIRPORT, CA US","2021-01-21","0.00",,"60","30"
"USW00093227","NAPA CO AIRPORT, CA US","2021-01-22","0.21",,"56","43"
"USW00093227","NAPA CO AIRPORT, CA US","2021-01-23","0.00",,"60","35"
"USW00093227","NAPA CO AIRPORT, CA US","2021-01-24","0.10",,"52","30"
"USW00093227","NAPA CO AIRPORT, CA US","2021-01-25","0.00",,"56","32"
"USW00093227","NAPA CO AIRPORT, CA US","2021-01-26","0.66",,"51","25"
"USW00093227","NAPA CO AIRPORT, CA US","2021-01-27","0.65",,"51","46"
"USW00093227","NAPA CO AIRPORT, CA US","2021-01-28","0.41",,"57","44"
"USW00093227","NAPA CO AIRPORT, CA US","2021-01-29","0.23",,"55","41"
"USW00093227","NAPA CO AIRPORT, CA US","2021-01-30","0.00",,"59","41"
"USW00093227","NAPA CO AIRPORT, CA US","2021-01-31","0.01",,"65","44"
"USW00093227","NAPA CO AIRPORT, CA US","2021-02-01","0.22",,"62","38"
"USW00093227","NAPA CO AIRPORT, CA US","2021-02-02","0.10",,"63","43"
"USW00093227","NAPA CO AIRPORT, CA US","2021-02-03","0.00",,"59","31"
"USW00093227","NAPA CO AIRPORT, CA US","2021-02-04","0.00",,"62","34"
"USW00093227","NAPA CO AIRPORT, CA US","2021-02-05","0.00",,"67","32"
"USW00093227","NAPA CO AIRPORT, CA US","2021-02-06","0.00",,"68","33"
"USW00093227","NAPA CO AIRPORT, CA US","2021-02-07","0.00",,"66","35"
"USW00093227","NAPA CO AIRPORT, CA US","2021-02-08","0.00",,"61","33"
"USW00093227","NAPA CO AIRPORT, CA US","2021-02-09","0.00",,"59","46"
"USW00093227","NAPA CO AIRPORT, CA US","2021-02-10","0.00",,"63","38"
"USW00093227","NAPA CO AIRPORT, CA US","2021-02-11","0.39",,"56","43"
"USW00093227","NAPA CO AIRPORT, CA US","2021-02-12","0.00",,"63","44"
"USW00093227","NAPA CO AIRPORT, CA US","2021-02-13","0.01",,"66","42"
"USW00093227","NAPA CO AIRPORT, CA US","2021-02-14","0.05",,"57","37"
"USW00093227","NAPA CO AIRPORT, CA US","2021-02-15","0.16",,"64","47"
"USW00093227","NAPA CO AIRPORT, CA US","2021-02-16","0.00",,"61","34"
"USW00093227","NAPA CO AIRPORT, CA US","2021-02-17","0.00",,"66","31"
"USW00093227","NAPA CO AIRPORT, CA US","2021-02-18","0.00",,"65","32"
"USW00093227","NAPA CO AIRPORT, CA US","2021-02-19","0.12",,"61","47"
"USW00093227","NAPA CO AIRPORT, CA US","2021-02-20","0.04",,"64","41"
"USW00093227","NAPA CO AIRPORT, CA US","2021-02-21","0.00",,"66","33"
"USW00093227","NAPA CO AIRPORT, CA US","2021-02-22","0.00",,"71","36"
"USW00093227","NAPA CO AIRPORT, CA US","2021-02-23","0.00",,"81","39"
"USW00093227","NAPA CO AIRPORT, CA US","2021-02-24","0.00",,"72","35"
"USW00093227","NAPA CO AIRPORT, CA US","2021-02-25","0.00",,"67","39"
"USW00093227","NAPA CO AIRPORT, CA US","2021-02-26","0.00",,"67","32"
"USW00093227","NAPA CO AIRPORT, CA US","2021-02-27","0.00",,"67","32"
"USW00093227","NAPA CO AIRPORT, CA US","2021-02-28","0.00",,"71","40"
"USW00093227","NAPA CO AIRPORT, CA US","2021-03-01","0.00",,"65","34"
"USW00093227","NAPA CO AIRPORT, CA US","2021-03-02","0.00",,"67","33"
"USW00093227","NAPA CO AIRPORT, CA US","2021-03-03","0.00",,"63","36"
"USW00093227","NAPA CO AIRPORT, CA US","2021-03-04","0.00",,"62","36"
"USW00093227","NAPA CO AIRPORT, CA US","2021-03-05","0.17",,"65","37"
"USW00093227","NAPA CO AIRPORT, CA US","2021-03-06","0.02",,"61","39"
"USW00093227","NAPA CO AIRPORT, CA US","2021-03-07","0.00",,"64","31"
"USW00093227","NAPA CO AIRPORT, CA US","2021-03-08","0.00",,"59","43"
"USW00093227","NAPA CO AIRPORT, CA US","2021-03-09","0.20",,"59","39"
"USW00093227","NAPA CO AIRPORT, CA US","2021-03-10","0.31",,"56","39"
"USW00093227","NAPA CO AIRPORT, CA US","2021-03-11","0.02",,"59","38"
"USW00093227","NAPA CO AIRPORT, CA US","2021-03-12","0.00",,"72","31"
"USW00093227","NAPA CO AIRPORT, CA US","2021-03-13","0.00",,"61","33"
"USW00093227","NAPA CO AIRPORT, CA US","2021-03-14","0.20",,"57","42"
"USW00093227","NAPA CO AIRPORT, CA US","2021-03-15","0.02",,"56","33"
"USW00093227","NAPA CO AIRPORT, CA US","2021-03-16","0.00",,"58","29"
"USW00093227","NAPA CO AIRPORT, CA US","2021-03-17","0.00",,"56","40"
"USW00093227","NAPA CO AIRPORT, CA US","2021-03-18","0.46",,"55","47"
"USW00093227","NAPA CO AIRPORT, CA US","2021-03-19","0.00",,"63","46"
"USW00093227","NAPA CO AIRPORT, CA US","2021-03-20","0.00",,"62","32"
"USW00093227","NAPA CO AIRPORT, CA US","2021-03-21","0.00",,"69","32"
"USW00093227","NAPA CO AIRPORT, CA US","2021-03-22","0.00",,"68","36"
"USW00093227","NAPA CO AIRPORT, CA US","2021-03-23","0.00",,"68","37"
"USW00093227","NAPA CO AIRPORT, CA US","2021-03-24","0.00",,"70","41"
"USW00093227","NAPA CO AIRPORT, CA US","2021-03-25","0.00",,"66","40"
"USW00093227","NAPA CO AIRPORT, CA US","2021-03-26","0.00",,"76","37"
"USW00093227","NAPA CO AIRPORT, CA US","2021-03-27","0.00",,"75","38"
"USW00093227","NAPA CO AIRPORT, CA US","2021-03-28","0.00",,"76","40"
"USW00093227","NAPA CO AIRPORT, CA US","2021-03-29","0.00",,"69","36"
"USW00093227","NAPA CO AIRPORT, CA US","2021-03-30","0.00",,"80","38"
"USW00093227","NAPA CO AIRPORT, CA US","2021-03-31","0.00",,"82","45"
"USW00093227","NAPA CO AIRPORT, CA US","2021-04-01","0.00",,"84","43"
"USW00093227","NAPA CO AIRPORT, CA US","2021-04-02","0.00",,"71","38"
"USW00093227","NAPA CO AIRPORT, CA US","2021-04-03","0.00",,"65","46"
"USW00093227","NAPA CO AIRPORT, CA US","2021-04-04","0.00",,"65","46"
"USW00093227","NAPA CO AIRPORT, CA US","2021-04-05","0.00",,"63","44"
"USW00093227","NAPA CO AIRPORT, CA US","2021-04-06","0.00",,"66","42"
"USW00093227","NAPA CO AIRPORT, CA US","2021-04-07","0.00",,"66","45"
"USW00093227","NAPA CO AIRPORT, CA US","2021-04-08","0.00",,"70","34"
"USW00093227","NAPA CO AIRPORT, CA US","2021-04-09","0.00",,"67","37"
"USW00093227","NAPA CO AIRPORT, CA US","2021-04-10","0.00",,"74","34"
"USW00093227","NAPA CO AIRPORT, CA US","2021-04-11","0.00",,"74","37"
"USW00093227","NAPA CO AIRPORT, CA US","2021-04-12","0.00",,"72","40"
"USW00093227","NAPA CO AIRPORT, CA US","2021-04-13","0.00",,"71","39"
"USW00093227","NAPA CO AIRPORT, CA US","2021-04-14","0.00",,"70","40"
"USW00093227","NAPA CO AIRPORT, CA US","2021-04-15","0.00",,"69","40"
"USW00093227","NAPA CO AIRPORT, CA US","2021-04-16","0.00",,"71","37"
"USW00093227","NAPA CO AIRPORT, CA US","2021-04-17","0.00",,"82","38"
"USW00093227","NAPA CO AIRPORT, CA US","2021-04-18","0.00",,"86","37"
"USW00093227","NAPA CO AIRPORT, CA US","2021-04-19","0.00",,"71","47"
"USW00093227","NAPA CO AIRPORT, CA US","2021-04-20","0.00",,"70","42"
"USW00093227","NAPA CO AIRPORT, CA US","2021-04-21","0.00",,"64","48"
"USW00093227","NAPA CO AIRPORT, CA US","2021-04-22","0.00",,"61","49"
"USW00093227","NAPA CO AIRPORT, CA US","2021-04-23","0.00",,"64","49"
"USW00093227","NAPA CO AIRPORT, CA US","2021-04-24","0.00",,"65","48"
"USW00093227","NAPA CO AIRPORT, CA US","2021-04-25","0.00",,"62","47"
"USW00093227","NAPA CO AIRPORT, CA US","2021-04-26","0.00",,"65","33"
"USW00093227","NAPA CO AIRPORT, CA US","2021-04-27","0.00",,"77","34"
"USW00093227","NAPA CO AIRPORT, CA US","2021-04-28","0.00",,"84","38"
"USW00093227","NAPA CO AIRPORT, CA US","2021-04-29","0.00",,"75","42"
"USW00093227","NAPA CO AIRPORT, CA US","2021-04-30","0.00",,"70","41"
"USW00093227","NAPA CO AIRPORT, CA US","2021-05-01","0.00",,"76","47"
"USW00093227","NAPA CO AIRPORT, CA US","2021-05-02","0.00",,"82","41"
"USW00093227","NAPA CO AIRPORT, CA US","2021-05-03","0.00",,"93","42"
"USW00093227","NAPA CO AIRPORT, CA US","2021-05-04","0.00",,"85","49"
"USW00093227","NAPA CO AIRPORT, CA US","2021-05-05","0.00",,"81","46"
"USW00093227","NAPA CO AIRPORT, CA US","2021-05-06","0.00",,"75","48"
"USW00093227","NAPA CO AIRPORT, CA US","2021-05-07","0.00",,"77","45"
"USW00093227","NAPA CO AIRPORT, CA US","2021-05-08","0.00",,"92","44"
"USW00093227","NAPA CO AIRPORT, CA US","2021-05-09","0.00",,"86","52"
"USW00093227","NAPA CO AIRPORT, CA US","2021-05-10","0.00",,"94","47"
"USW00093227","NAPA CO AIRPORT, CA US","2021-05-11","0.00",,"78","45"
"USW00093227","NAPA CO AIRPORT, CA US","2021-05-12","0.00",,"73","43"
"USW00093227","NAPA CO AIRPORT, CA US","2021-05-13","0.00",,"67","48"
"USW00093227","NAPA CO AIRPORT, CA US","2021-05-14","0.00",,"66","50"
"USW00093227","NAPA CO AIRPORT, CA US","2021-05-15","0.00",,"63","51"
"USW00093227","NAPA CO AIRPORT, CA US","2021-05-16","0.00",,"65","51"
"USW00093227","NAPA CO AIRPORT, CA US","2021-05-17","0.00",,"68","50"
"USW00093227","NAPA CO AIRPORT, CA US","2021-05-18","0.00",,"80","40"
"USW00093227","NAPA CO AIRPORT, CA US","2021-05-19","0.00",,"72","48"
"USW00093227","NAPA CO AIRPORT, CA US","2021-05-20","0.03",,"71","38"
"USW00093227","NAPA CO AIRPORT, CA US","2021-05-21","0.00",,"74","37"
"USW00093227","NAPA CO AIRPORT, CA US","2021-05-22","0.00",,"75","48"
"USW00093227","NAPA CO AIRPORT, CA US","2021-05-23","0.00",,"69","45"
"USW00093227","NAPA CO AIRPORT, CA US","2021-05-24","0.00",,"77","44"
"USW00093227","NAPA CO AIRPORT, CA US","2021-05-25","0.00",,"77","54"
"USW00093227","NAPA CO AIRPORT, CA US","2021-05-26","0.00",,"74","44"
"USW00093227","NAPA CO AIRPORT, CA US","2021-05-27","0.00",,"80","44"
"USW00093227","NAPA CO AIRPORT, CA US","2021-05-28","0.00",,"70","50"
"USW00093227","NAPA CO AIRPORT, CA US","2021-05-29","0.00",,"69","50"
"USW00093227","NAPA CO AIRPORT, CA US","2021-05-30","0.00",,"80","53"
"USW00093227","NAPA CO AIRPORT, CA US","2021-05-31","0.00",,"84","49"
"USW00093227","NAPA CO AIRPORT, CA US","2021-06-01","0.00",,"73","51"
"USW00093227","NAPA CO AIRPORT, CA US","2021-06-02","0.00",,"74","49"
"USW00093227","NAPA CO AIRPORT, CA US","2021-06-03","0.00",,"75","53"
"USW00093227","NAPA CO AIRPORT, CA US","2021-06-04","0.00",,"74","55"
"USW00093227","NAPA CO AIRPORT, CA US","2021-06-05","0.00",,"76","52"
"USW00093227","NAPA CO AIRPORT, CA US","2021-06-06","0.00",,"78","54"
"USW00093227","NAPA CO AIRPORT, CA US","2021-06-07","0.00",,"75","46"
"USW00093227","NAPA CO AIRPORT, CA US","2021-06-08","0.00",,"71","50"
"USW00093227","NAPA CO AIRPORT, CA US","2021-06-09","0.00",,"69","47"
"USW00093227","NAPA CO AIRPORT, CA US","2021-06-10","0.00",,"73","42"
"USW00093227","NAPA CO AIRPORT, CA US","2021-06-11","0.00",,"77","47"
"USW00093227","NAPA CO AIRPORT, CA US","2021-06-12","0.00",,"85","58"
"USW00093227","NAPA CO AIRPORT, CA US","2021-06-13","0.00",,"83","60"
"USW00093227","NAPA CO AIRPORT, CA US","2021-06-14","0.02",,"81","55"
"USW00093227","NAPA CO AIRPORT, CA US","2021-06-15","0.00",,"85","51"
"USW00093227","NAPA CO AIRPORT, CA US","2021-06-16","0.00",,"94","49"
"USW00093227","NAPA CO AIRPORT, CA US","2021-06-17","0.00",,"100","53"
"USW00093227","NAPA CO AIRPORT, CA US","2021-06-18","0.00",,"91","55"
"USW00093227","NAPA CO AIRPORT, CA US","2021-06-19","0.00",,"76","57"
"USW00093227","NAPA CO AIRPORT, CA US","2021-06-20","0.00",,"75","50"
"USW00093227","NAPA CO AIRPORT, CA US","2021-06-21","0.00",,"72","55"
"USW00093227","NAPA CO AIRPORT, CA US","2021-06-22","0.00",,"76","58"
"USW00093227","NAPA CO AIRPORT, CA US","2021-06-23","0.00",,"77","56"
"USW00093227","NAPA CO AIRPORT, CA US","2021-06-24","0.00",,"76","55"
"USW00093227","NAPA CO AIRPORT, CA US","2021-06-25","0.00",,"76","54"
"USW00093227","NAPA CO AIRPORT, CA US","2021-06-26","0.00",,"78","55"
"USW00093227","NAPA CO AIRPORT, CA US","2021-06-27","0.00",,"77","55"
"USW00093227","NAPA CO AIRPORT, CA US","2021-06-28","0.00",,"80","57"
"USW00093227","NAPA CO AIRPORT, CA US","2021-06-29","0.00",,"78","52"
"USW00093227","NAPA CO AIRPORT, CA US","2021-06-30","0.00",,"73","58"
"USW00093227","NAPA CO AIRPORT, CA US","2021-07-01","0.00",,"72","56"
"USW00093227","NAPA CO AIRPORT, CA US","2021-07-02","0.00",,"74","55"
"USW00093227","NAPA CO AIRPORT, CA US","2021-07-03","0.00",,"75","54"
"USW00093227","NAPA CO AIRPORT, CA US","2021-07-04","0.00",,"75","56"
"USW00093227","NAPA CO AIRPORT, CA US","2021-07-05","0.00",,"76","56"
"USW00093227","NAPA CO AIRPORT, CA US","2021-07-06","0.00",,"79","54"
"USW00093227","NAPA CO AIRPORT, CA US","2021-07-07","0.00",,"74","52"
"USW00093227","NAPA CO AIRPORT, CA US","2021-07-08","0.00",,"85","56"
"USW00093227","NAPA CO AIRPORT, CA US","2021-07-09","0.00",,"87","54"
"USW00093227","NAPA CO AIRPORT, CA US","2021-07-10","0.00",,"81","56"
"USW00093227","NAPA CO AIRPORT, CA US","2021-07-11","0.00",,"73","54"
"USW00093227","NAPA CO AIRPORT, CA US","2021-07-12","0.00",,"71","53"
"USW00093227","NAPA CO AIRPORT, CA US","2021-07-13","0.00",,"69","52"
"USW00093227","NAPA CO AIRPORT, CA US","2021-07-14","0.00",,"71","52"
"USW00093227","NAPA CO AIRPORT, CA US","2021-07-15","0.00",,"70","54"
"USW00093227","NAPA CO AIRPORT, CA US","2021-07-16","0.00",,"73","54"
"USW00093227","NAPA CO AIRPORT, CA US","2021-07-17","0.00",,"80","56"
"USW00093227","NAPA CO AIRPORT, CA US","2021-07-18","0.00",,"79","51"
"USW00093227","NAPA CO AIRPORT, CA US","2021-07-19","0.00",,"79","54"
"USW00093227","NAPA CO AIRPORT, CA US","2021-07-20","0.00",,"76","57"
"USW00093227","NAPA CO AIRPORT, CA US","2021-07-21","0.00",,"75","53"
"USW00093227","NAPA CO AIRPORT, CA US","2021-07-22","0.00",,"72","56"
"USW00093227","NAPA CO AIRPORT, CA US","2021-07-23","0.00",,"78","49"
"USW00093227","NAPA CO AIRPORT, CA US","2021-07-24","0.00",,"75","54"
"USW00093227","NAPA CO AIRPORT, CA US","2021-07-25","0.00",,"75","53"
"USW00093227","NAPA CO AIRPORT, CA US","2021-07-26","0.00",,"70","54"
"USW00093227","NAPA CO AIRPORT, CA US","2021-07-27","0.00",,"89","54"
"USW00093227","NAPA CO AIRPORT, CA US","2021-07-28","0.00",,"82","53"
"USW00093227","NAPA CO AIRPORT, CA US","2021-07-29","0.00",,"79","57"
"USW00093227","NAPA CO AIRPORT, CA US","2021-07-30","0.00",,"78","54"
"USW00093227","NAPA CO AIRPORT, CA US","2021-07-31","0.00",,"77","55"
"USW00093227","NAPA CO AIRPORT, CA US","2021-08-01","0.00",,"77","55"
"USW00093227","NAPA CO AIRPORT, CA US","2021-08-02","0.00",,"81","48"
"USW00093227","NAPA CO AIRPORT, CA US","2021-08-03","0.00",,"79","51"
"USW00093227","NAPA CO AIRPORT, CA US","2021-08-04","0.00",,"75","53"
"USW00093227","NAPA CO AIRPORT, CA US","2021-08-05","0.00",,"73","56"
"USW00093227","NAPA CO AIRPORT, CA US","2021-08-06","0.00",,"80","52"
"USW00093227","NAPA CO AIRPORT, CA US","2021-08-07","0.00",,"75","57"
"USW00093227","NAPA CO AIRPORT, CA US","2021-08-08","0.00",,"74","56"
"USW00093227","NAPA CO AIRPORT, CA US","2021-08-09","0.00",,"76","57"
"USW00093227","NAPA CO AIRPORT, CA US","2021-08-10","0.00",,"85","51"
"USW00093227","NAPA CO AIRPORT, CA US","2021-08-11","0.00",,"81","53"
"USW00093227","NAPA CO AIRPORT, CA US","2021-08-12","0.00",,"82","56"
"USW00093227","NAPA CO AIRPORT, CA US","2021-08-13","0.00",,"82","56"
"USW00093227","NAPA CO AIRPORT, CA US","2021-08-14","0.00",,"79","56"
"USW00093227","NAPA CO AIRPORT, CA US","2021-08-15","0.00",,"77","55"
"USW00093227","NAPA CO AIRPORT, CA US","2021-08-16","0.00",,"84","57"
"USW00093227","NAPA CO AIRPORT, CA US","2021-08-17","0.00",,"73","58"
"USW00093227","NAPA CO AIRPORT, CA US","2021-08-18","0.00",,"74","53"
"USW00093227","NAPA CO AIRPORT, CA US","2021-08-19","0.00",,"75","52"
"USW00093227","NAPA CO AIRPORT, CA US","2021-08-20","0.00",,"72","54"
"USW00093227","NAPA CO AIRPORT, CA US","2021-08-21","0.00",,"70","56"
"USW00093227","NAPA CO AIRPORT, CA US","2021-08-22","0.00",,"73","56"
"USW00093227","NAPA CO AIRPORT, CA US","2021-08-23","0.00",,"71","53"
"USW00093227","NAPA CO AIRPORT, CA US","2021-08-24","0.00",,"71","53"
"USW00093227","NAPA CO AIRPORT, CA US","2021-08-25","0.00",,"75","50"
"USW00093227","NAPA CO AIRPORT, CA US","2021-08-26","0.00",,"87","50"
"USW00093227","NAPA CO AIRPORT, CA US","2021-08-27","0.00",,"94","53"
"USW00093227","NAPA CO AIRPORT, CA US","2021-08-28","0.00",,"99","53"
"USW00093227","NAPA CO AIRPORT, CA US","2021-08-29","0.00",,"85","52"
"USW00093227","NAPA CO AIRPORT, CA US","2021-08-30","0.00",,"77","55"
"USW00093227","NAPA CO AIRPORT, CA US","2021-08-31","0.00",,"75","48"
"USW00093227","NAPA CO AIRPORT, CA US","2021-09-01","0.00",,"69","52"
"USW00093227","NAPA CO AIRPORT, CA US","2021-09-02","0.00",,"71","54"
"USW00093227","NAPA CO AIRPORT, CA US","2021-09-03","0.00",,"76","51"
"USW00093227","NAPA CO AIRPORT, CA US","2021-09-04","0.00",,"83","45"
"USW00093227","NAPA CO AIRPORT, CA US","2021-09-05","0.00",,"91","45"
"USW00093227","NAPA CO AIRPORT, CA US","2021-09-06","0.00",,"93","48"
"USW00093227","NAPA CO AIRPORT, CA US","2021-09-07","0.00",,"87","51"
"USW00093227","NAPA CO AIRPORT, CA US","2021-09-08","0.00",,"88","57"
"USW00093227","NAPA CO AIRPORT, CA US","2021-09-09","0.00",,"77","56"
"USW00093227","NAPA CO AIRPORT, CA US","2021-09-10","0.00",,"76","57"
"USW00093227","NAPA CO AIRPORT, CA US","2021-09-11","0.00",,"78","53"
"USW00093227","NAPA CO AIRPORT, CA US","2021-09-12","0.00",,"83","50"
"USW00093227","NAPA CO AIRPORT, CA US","2021-09-13","0.00",,"81","50"
"USW00093227","NAPA CO AIRPORT, CA US","2021-09-14","0.00",,"77","49"
"USW00093227","NAPA CO AIRPORT, CA US","2021-09-15","0.00",,"72","54"
"USW00093227","NAPA CO AIRPORT, CA US","2021-09-16","0.00",,"69","54"
"USW00093227","NAPA CO AIRPORT, CA US","2021-09-17","0.00",,"69","56"
"USW00093227","NAPA CO AIRPORT, CA US","2021-09-18","0.00",,"70","57"
"USW00093227","NAPA CO AIRPORT, CA US","2021-09-19","0.00",,"81","52"
"USW00093227","NAPA CO AIRPORT, CA US","2021-09-20","0.00",,"89","45"
"USW00093227","NAPA CO AIRPORT, CA US","2021-09-21","0.00",,"96","51"
"USW00093227","NAPA CO AIRPORT, CA US","2021-09-22","0.00",,"83","51"
"USW00093227","NAPA CO AIRPORT, CA US","2021-09-23","0.00",,"88","45"
"USW00093227","NAPA CO AIRPORT, CA US","2021-09-24","0.00",,"78","52"
"USW00093227","NAPA CO AIRPORT, CA US","2021-09-25","0.00",,"73","51"
"USW00093227","NAPA CO AIRPORT, CA US","2021-09-26","0.00",,"74","55"
"USW00093227","NAPA CO AIRPORT, CA US","2021-09-27","0.00",,"77","53"
"USW00093227","NAPA CO AIRPORT, CA US","2021-09-28","0.00",,"83","48"
"USW00093227","NAPA CO AIRPORT, CA US","2021-09-29","0.00",,"79","42"
"USW00093227","NAPA CO AIRPORT, CA US","2021-09-30","0.00",,"88","44"
"USW00093227","NAPA CO AIRPORT, CA US","2021-10-01","0.00",,"89","46"
"USW00093227","NAPA CO AIRPORT, CA US","2021-10-02","0.00",,"91","48"
"USW00093227","NAPA CO AIRPORT, CA US","2021-10-03","0.00",,"92","50"
"USW00093227","NAPA CO AIRPORT, CA US","2021-10-04","0.00",,"88","48"
"USW00093227","NAPA CO AIRPORT, CA US","2021-10-05","0.00",,"71","47"
"USW00093227","NAPA CO AIRPORT, CA US","2021-10-06","0.00",,"70","45"
"USW00093227","NAPA CO AIRPORT, CA US","2021-10-07","0.00",,"68","45"
"USW00093227","NAPA CO AIRPORT, CA US","2021-10-08","0.00",,"69","49"
"USW00093227","NAPA CO AIRPORT, CA US","2021-10-09","0.00",,"73","44"
"USW00093227","NAPA CO AIRPORT, CA US","2021-10-10","0.00",,"78","42"
"USW00093227","NAPA CO AIRPORT, CA US","2021-10-11","0.00",,"73","41"
"USW00093227","NAPA CO AIRPORT, CA US","2021-10-12","0.00",,"75","44"
"USW00093227","NAPA CO AIRPORT, CA US","2021-10-13","0.00",,"68","40"
"USW00093227","NAPA CO AIRPORT, CA US","2021-10-14","0.00",,"79","37"
"USW00093227","NAPA CO AIRPORT, CA US","2021-10-15","0.00",,"83","39"
"USW00093227","NAPA CO AIRPORT, CA US","2021-10-16","0.00",,"85","42"
"USW00093227","NAPA CO AIRPORT, CA US","2021-10-17","0.05",,"67","42"
"USW00093227","NAPA CO AIRPORT, CA US","2021-10-18","0.00",,"65","41"
"USW00093227","NAPA CO AIRPORT, CA US","2021-10-19","0.03",,"68","37"
"USW00093227","NAPA CO AIRPORT, CA US","2021-10-20","0.09",,"62","52"
"USW00093227","NAPA CO AIRPORT, CA US","2021-10-21","0.49",,"66","57"
"USW00093227","NAPA CO AIRPORT, CA US","2021-10-22","0.58",,"65","55"
"USW00093227","NAPA CO AIRPORT, CA US","2021-10-23","0.39",,"65","51"
"USW00093227","NAPA CO AIRPORT, CA US","2021-10-24","4.79",,"62","56"
"USW00093227","NAPA CO AIRPORT, CA US","2021-10-25","0.29",,"64","51"
"USW00093227","NAPA CO AIRPORT, CA US","2021-10-26","0.00",,"65","52"
"USW00093227","NAPA CO AIRPORT, CA US","2021-10-27","0.00",,"74","52"
"USW00093227","NAPA CO AIRPORT, CA US","2021-10-28","0.00",,"76","49"
"USW00093227","NAPA CO AIRPORT, CA US","2021-10-29","0.00",,"76","50"
"USW00093227","NAPA CO AIRPORT, CA US","2021-10-30","0.00",,"66","53"
"USW00093227","NAPA CO AIRPORT, CA US","2021-10-31","0.02",,"64","54"
"USW00093227","NAPA CO AIRPORT, CA US","2021-11-01","0.11",,"62","55"
"USW00093227","NAPA CO AIRPORT, CA US","2021-11-02","0.00",,"69","53"
"USW00093227","NAPA CO AIRPORT, CA US","2021-11-03","0.00",,"72","47"
"USW00093227","NAPA CO AIRPORT, CA US","2021-11-04","0.09",,"68","45"
"USW00093227","NAPA CO AIRPORT, CA US","2021-11-05","0.00",,"65","41"
"USW00093227","NAPA CO AIRPORT, CA US","2021-11-06","0.00",,"63","47"
"USW00093227","NAPA CO AIRPORT, CA US","2021-11-07","0.00",,"63","37"
"USW00093227","NAPA CO AIRPORT, CA US","2021-11-08","0.62",,"63","38"
"USW00093227","NAPA CO AIRPORT, CA US","2021-11-09","0.38",,"62","50"
"USW00093227","NAPA CO AIRPORT, CA US","2021-11-10","0.00",,"66","49"
"USW00093227","NAPA CO AIRPORT, CA US","2021-11-11","0.00",,"70","45"
"USW00093227","NAPA CO AIRPORT, CA US","2021-11-12","0.00",,"68","46"
"USW00093227","NAPA CO AIRPORT, CA US","2021-11-13","0.00",,"67","46"
"USW00093227","NAPA CO AIRPORT, CA US","2021-11-14","0.00",,"59","49"
"USW00093227","NAPA CO AIRPORT, CA US","2021-11-15","0.00",,"58","46"
"USW00093227","NAPA CO AIRPORT, CA US","2021-11-16","0.00",,"62","42"
"USW00093227","NAPA CO AIRPORT, CA US","2021-11-17","0.00",,"65","39"
"USW00093227","NAPA CO AIRPORT, CA US","2021-11-18","0.00",,"60","41"
"USW00093227","NAPA CO AIRPORT, CA US","2021-11-19","0.00",,"59","47"
"USW00093227","NAPA CO AIRPORT, CA US","2021-11-20","0.00",,"66","39"
"USW00093227","NAPA CO AIRPORT, CA US","2021-11-21","0.00",,"67","36"
"USW00093227","NAPA CO AIRPORT, CA US","2021-11-22","0.00",,"66","36"
"USW00093227","NAPA CO AIRPORT, CA US","2021-11-23","0.00",,"63","35"
"USW00093227","NAPA CO AIRPORT, CA US","2021-11-24","0.00",,"64","35"
"USW00093227","NAPA CO AIRPORT, CA US","2021-11-25","0.00",,"63","33"
"USW00093227","NAPA CO AIRPORT, CA US","2021-11-26","0.00",,"63","36"
"USW00093227","NAPA CO AIRPORT, CA US","2021-11-27","0.00",,"66","38"
"USW00093227","NAPA CO AIRPORT, CA US","2021-11-28","0.00",,"67","42"
"USW00093227","NAPA CO AIRPORT, CA US","2021-11-29","0.00",,"66","41"
"USW00093227","NAPA CO AIRPORT, CA US","2021-11-30","0.00",,"68","39"
"USW00093227","NAPA CO AIRPORT, CA US","2021-12-01","0.00",,"67","42"
"USW00093227","NAPA CO AIRPORT, CA US","2021-12-02","0.00",,"66","38"
"USW00093227","NAPA CO AIRPORT, CA US","2021-12-03","0.00",,"53","49"
"USW00093227","NAPA CO AIRPORT, CA US","2021-12-04","0.00",,"54","48"
"USW00093227","NAPA CO AIRPORT, CA US","2021-12-05","0.00",,"56","39"
"USW00093227","NAPA CO AIRPORT, CA US","2021-12-06","0.01",,"51","40"
"USW00093227","NAPA CO AIRPORT, CA US","2021-12-07","0.00",,"58","43"
"USW00093227","NAPA CO AIRPORT, CA US","2021-12-08","0.01",,"54","45"
"USW00093227","NAPA CO AIRPORT, CA US","2021-12-09","0.00",,"58","37"
"USW00093227","NAPA CO AIRPORT, CA US","2021-12-10","0.00",,"59","31"
"USW00093227","NAPA CO AIRPORT, CA US","2021-12-11","0.00",,"55","31"
"USW00093227","NAPA CO AIRPORT, CA US","2021-12-12","0.95",,"53","47"
"USW00093227","NAPA CO AIRPORT, CA US","2021-12-13","2.34",,"59","43"
"USW00093227","NAPA CO AIRPORT, CA US","2021-12-14","0.09",,"52","34"
"USW00093227","NAPA CO AIRPORT, CA US","2021-12-15","0.83",,"54","35"
"USW00093227","NAPA CO AIRPORT, CA US","2021-12-16","0.08",,"58","40"
"USW00093227","NAPA CO AIRPORT, CA US","2021-12-17","0.00",,"51","32"
"USW00093227","NAPA CO AIRPORT, CA US","2021-12-18","0.00",,"49","32"
"USW00093227","NAPA CO AIRPORT, CA US","2021-12-19","0.00",,"47","36"
"USW00093227","NAPA CO AIRPORT, CA US","2021-12-20","0.00",,"48","42"
"USW00093227","NAPA CO AIRPORT, CA US","2021-12-21","0.30",,"48","42"
"USW00093227","NAPA CO AIRPORT, CA US","2021-12-22","0.14",,"50","43"
"USW00093227","NAPA CO AIRPORT, CA US","2021-12-23","0.76",,"57","49"
"USW00093227","NAPA CO AIRPORT, CA US","2021-12-24","0.07",,"56","45"
"USW00093227","NAPA CO AIRPORT, CA US","2021-12-25","0.85",,"51","42"
"USW00093227","NAPA CO AIRPORT, CA US","2021-12-26","0.25",,"49","34"
"USW00093227","NAPA CO AIRPORT, CA US","2021-12-27","0.24",,"52","35"
"USW00093227","NAPA CO AIRPORT, CA US","2021-12-28","0.02",,"45","35"
"USW00093227","NAPA CO AIRPORT, CA US","2021-12-29","0.27",,"47","43"
"USW00093227","NAPA CO AIRPORT, CA US","2021-12-30","0.00",,"52","35"
"USW00093227","NAPA CO AIRPORT, CA US","2021-12-31","0.00",,"55","30"
